<?xml version="1.0" encoding="UTF-8"?>
<!DOCTYPE log4j:configuration PUBLIC "-//log4j/log4j Configuration//EN" "log4j.dtd">
 
<log4j:configuration xmlns:log4j="http://jakarta.apache.org/log4j/">
 
    <appender name="STDOUT" class="org.apache.log4j.ConsoleAppender">
       <layout class="org.apache.log4j.PatternLayout">
          <param name="ConversionPattern" value="%-7p %d [%t] %c %x - %m%n"/>
       </layout>
    </appender>
  
    <appender name="FILEOUT" class="org.apache.log4j.FileAppender">
       <param name="File" value="C:/projects/logs/SpMvcHbEmployeeLe.log" />
       <layout class="org.apache.log4j.PatternLayout">
          <param name="ConversionPattern" value="%-7p %d [%t] %c %x - %m%n"/>
       </layout>
    </appender>
 
 <logger name="com.rishab.java8streams.controller">
 	<level value="DEBUG"/>
 	<appender-ref ref="STDOUT" />
 	<appender-ref ref="FILEOUT" />
 </logger>
    <root>
        <level value="INFO"/>
        <appender-ref ref="STDOUT" />
    </root>
     
</log4j:configuration>